[
{"x": 0.3, "y": 0.8, "z": 0.55, "a":0.2, "b":0.15, "c":0.1, "ambient": [0.1,0.1,0.1], "diffuse": [0.0,0.0,0.6], "specular": [0.3,0.3,0.3], "n":5, "alpha": 1, "texture": "earth.png"},
{"x": 0.7, "y": 0.8, "z": 0.60, "a":0.2, "b":0.15, "c":0.1, "ambient": [0.1,0.1,0.1], "diffuse": [0.6,0.0,0.6], "specular": [0.3,0.3,0.3], "n":7, "alpha": 0.8, "texture": "billie.jpg"},
{"x": 0.6, "y": 0.6, "z": 0.45, "a":0.25, "b":0.18, "c":0.1, "ambient": [0.1,0.1,0.1], "diffuse": [0.6,0.6,0.0], "specular": [0.3,0.3,0.3], "n":9, "alpha": 0.6, "texture": "stars.jpg"}
]
